id,label
train1,Control
train2,Control
train3,Control
train4,Control
train5,Control
train6,Control
train7,Control
train8,Control
train9,Control
train10,Control
train11,Control
train12,Control
train13,Control
train14,Control
train15,Control
train16,Control
train17,Control
train18,Control
train19,Control
train20,Control
train21,Control
train22,Control
train23,Control
train24,Control
train25,Control
train26,Control
train27,Control
train28,Control
train29,Control
train30,Control
train31,Control
train32,Control
train33,Control
train34,Control
train35,Control
train36,Control
train37,Control
train38,Control
train39,Control
train40,Control
train41,Control
train42,Control
train43,Control
train44,Control
train45,Control
train46,Control
train47,Control
train48,Control
train49,Control
train50,Control
train51,Control
train52,Control
train53,Control
train54,Control
train55,Control
train56,Control
train57,Control
train58,Control
train59,Control
train60,Control
train61,Control
train62,Control
train63,Control
train64,Control
train65,Control
train66,Control
train67,Control
train68,Control
train69,Control
train70,Control
train71,Control
train72,Control
train73,Control
train74,Control
train75,Control
train76,Control
train77,Control
train78,Control
train79,Control
train80,Control
train81,Control
train82,Control
train83,Control
train84,Control
train85,Control
train86,Control
train87,Control
train88,Control
train89,Control
train90,Control
train91,Control
train92,Control
train93,Control
train94,Control
train95,Control
train96,Control
train97,Control
train98,Control
train99,Control
train100,Control
train101,Control
train102,Control
train103,Control
train104,Control
train105,Control
train106,Control
train107,Control
train108,Control
train109,Control
train110,Control
train111,Control
train112,Control
train113,Control
train114,Control
train115,Control
train116,Control
train117,Control
train118,Control
train119,Control
train120,Control
train121,Control
train122,Control
train123,Control
train124,Control
train125,Control
train126,Control
train127,Control
train128,Control
train129,Control
train130,Control
train131,Control
train132,Control
train133,Control
train134,Control
train135,Control
train136,Control
train137,Control
train138,Control
train139,Control
train140,Control
train141,Control
train142,Control
train143,Control
train144,Control
train145,Control
train146,Control
train147,Control
train148,Control
train149,Control
train150,Control
train151,Control
train152,Control
train153,Control
train154,Control
train155,Control
train156,Control
train157,Control
train158,Control
train159,Control
train160,Control
train161,Control
train162,Control
train163,Control
train164,Control
train165,Control
train166,Control
train167,Control
train168,Control
train169,Control
train170,Control
train171,Control
train172,Control
train173,Control
train174,Control
train175,Control
train176,Control
train177,Control
train178,Control
train179,Control
train180,Control
train181,Control
train182,Control
train183,Control
train184,Control
train185,Control
train186,Control
train187,Control
train188,Control
train189,Control
train190,Control
train191,Control
train192,Control
train193,Control
train194,Control
train195,Control
train196,Control
train197,Control
train198,Control
train199,Control
train200,Control
train201,Control
train202,Control
train203,Control
train204,Control
train205,Control
train206,Control
train207,Control
train208,Control
train209,Control
train210,Control
train211,Control
train212,Control
train213,Control
train214,Control
train215,Control
train216,Control
train217,Control
train218,Control
train219,Control
train220,Control
train221,Control
train222,Control
train223,Control
train224,Control
train225,Control
train226,Control
train227,Control
train228,Control
train229,Control
train230,Control
train231,Control
train232,Control
train233,Control
train234,Control
train235,Control
train236,Control
train237,Control
train238,Control
train239,Control
train240,Control
train241,Control
train242,Control
train243,Control
train244,Control
train245,Control
train246,Control
train247,Control
train248,Control
train249,Control
train250,Control
train251,Control
train252,Control
train253,Control
train254,Control
train255,Control
train256,Control
train257,Control
train258,Control
train259,Control
train260,Control
train261,Control
train262,Control
train263,Control
train264,Control
train265,Control
train266,Control
train267,Control
train268,Control
train269,Control
train270,Control
train271,Control
train272,Control
train273,Control
train274,Control
train275,Control
train276,Control
train277,Control
train278,Control
train279,Control
train280,Control
train281,Control
train282,Control
train283,Control
train284,Control
train285,Control
train286,Control
train287,Control
train288,Control
train289,Control
train290,Control
train291,Control
train292,Control
train293,Control
train294,Control
train295,Control
train296,Control
train297,Control
train298,Control
train299,Control
train300,Control
train301,Control
train302,Control
train303,Control
train304,Control
train305,Control
train306,Control
train307,Control
train308,Control
train309,Control
train310,Control
train311,Control
train312,Control
train313,Control
train314,Control
train315,Control
train316,Control
train317,Control
train318,Control
train319,Control
train320,Control
train321,Control
train322,Control
train323,Control
train324,Control
train325,Control
train326,Control
train327,Control
train328,Control
train329,Control
train330,Control
train331,Control
train332,Control
train333,Control
train334,Control
train335,Control
train336,Control
train337,Control
train338,Control
train339,Control
train340,Control
train341,Control
train342,Control
train343,Control
train344,Control
train345,Control
train346,Control
train347,Control
train348,Control
train349,Control
train350,Control
train351,Control
train352,Control
train353,Control
train354,Control
train355,Control
train356,Control
train357,Control
train358,Control
train359,Control
train360,Control
train361,Control
train362,Control
train363,Control
train364,Control
train365,Control
train366,Control
train367,Control
train368,Control
train369,Control
train370,Control
train371,Control
train372,Control
train373,Control
train374,Control
train375,Control
train376,Control
train377,Control
train378,Control
train379,Control
train380,Control
train381,Control
train382,Control
train383,Control
train384,Control
train385,Control
train386,Control
train387,Control
train388,Control
train389,Control
train390,Control
train391,Control
train392,Control
train393,Control
train394,Control
train395,Control
train396,Control
train397,Control
train398,Control
train399,Control
train400,Control
train401,Control
train402,Control
train403,Control
train404,Control
train405,Control
train406,Control
train407,Control
train408,Control
train409,Control
train410,Control
train411,Control
train412,Control
train413,Control
train414,Control
train415,Control
train416,Control
train417,Control
train418,Control
train419,Control
train420,Control
train421,Control
train422,Control
train423,Control
train424,Control
train425,Control
train426,Control
train427,Control
train428,Control
train429,Control
train430,Control
train431,Control
train432,Control
train433,Control
train434,Control
train435,Control
train436,Control
train437,Control
train438,Control
train439,Control
train440,Control
train441,Control
train442,Control
train443,Control
train444,Control
train445,Control
train446,Control
train447,Control
train448,Control
train449,Control
train450,Control
train451,Control
train452,Control
train453,Control
train454,Control
train455,Control
train456,Control
train457,Control
train458,Control
train459,Control
train460,Control
train461,Control
train462,Control
train463,Control
train464,Control
train465,Control
train466,Control
train467,Control
train468,Control
train469,Control
train470,Control
train471,Control
train472,Control
train473,Control
train474,Control
train475,Control
train476,Control
train477,Control
train478,Control
train479,Control
train480,Control
train481,Control
train482,Control
train483,Control
train484,Control
train485,Control
train486,Control
train487,Control
train488,Control
train489,Control
train490,Control
train491,Control
train492,Control
train493,Control
train494,Control
train495,Control
train496,Control
train497,Control
train498,Control
train499,Control
train500,Control
train501,Control
train502,Control
train503,Control
train504,Control
train505,Control
train506,Control
train507,Control
train508,Control
train509,Control
train510,Control
train511,Control
train512,Control
train513,Control
train514,Control
train515,Control
train516,Control
train517,Control
train518,Control
train519,Control
train520,Control
train521,Control
train522,Control
train523,Control
train524,Control
train525,Control
train526,Control
train527,Control
train528,Control
train529,Control
train530,Control
train531,Control
train532,Control
train533,Control
train534,Control
train535,Control
train536,Control
train537,Control
train538,Control
train539,Control
train540,Control
train541,Control
train542,Control
train543,Control
train544,Control
train545,Control
train546,Control
train547,Control
train548,Control
train549,Control
train550,Control
train551,Control
train552,Control
train553,Control
train554,Control
train555,Control
train556,Control
train557,Control
train558,Control
train559,Control
train560,Control
train561,Control
train562,Control
train563,Control
train564,Control
train565,Control
train566,Case
train567,Case
train568,Case
train569,Case
train570,Case
train571,Case
train572,Case
train573,Case
train574,Case
train575,Case
train576,Case
train577,Case
train578,Case
train579,Case
train580,Case
train581,Case
train582,Case
train583,Case
train584,Case
train585,Case
train586,Case
train587,Case
train588,Case
train589,Case
train590,Case
train591,Case
train592,Case
train593,Case
train594,Case
train595,Case
train596,Case
train597,Case
train598,Case
train599,Case
train600,Case
train601,Case
train602,Case
train603,Case
train604,Case
train605,Case
train606,Case
train607,Case
train608,Case
train609,Case
train610,Case
train611,Case
train612,Case
train613,Case
train614,Case
train615,Case
train616,Case
train617,Case
train618,Case
train619,Case
train620,Case
train621,Case
train622,Case
train623,Case
train624,Case
train625,Case
train626,Case
train627,Case
train628,Case
train629,Case
train630,Case
train631,Case
train632,Case
train633,Case
train634,Case
train635,Case
train636,Case
train637,Case
train638,Case
train639,Case
train640,Case
train641,Case
train642,Case
train643,Case
train644,Case
train645,Case
train646,Case
train647,Case
train648,Case
train649,Case
train650,Case
train651,Case
train652,Case
train653,Case
train654,Case
train655,Case
train656,Case
train657,Case
train658,Case
train659,Case
train660,Case
train661,Case
train662,Case
train663,Case
train664,Case
train665,Case
train666,Case
train667,Case
train668,Case
train669,Case
train670,Case
train671,Case
train672,Case
train673,Case
train674,Case
train675,Case
train676,Case
train677,Case
train678,Case
train679,Case
train680,Case
train681,Case
train682,Case
train683,Case
train684,Case
train685,Case
train686,Case
train687,Case
train688,Case
train689,Case
train690,Case
train691,Case
train692,Case
train693,Case
train694,Case
train695,Case
train696,Case
train697,Case
train698,Case
train699,Case
train700,Case
train701,Case
train702,Case
train703,Case
train704,Case
train705,Case
train706,Case
train707,Case
train708,Case
train709,Case
train710,Case
train711,Case
train712,Case
train713,Case
train714,Case
train715,Case
train716,Case
train717,Case
train718,Case
train719,Case
train720,Case
train721,Case
train722,Case
train723,Case
train724,Case
train725,Case
train726,Case
train727,Case
train728,Case
train729,Case
train730,Case
train731,Case
train732,Case
train733,Case
train734,Case
train735,Case
train736,Case
train737,Case
train738,Case
train739,Case
train740,Case
train741,Case
train742,Case
train743,Case
train744,Case
train745,Case
train746,Case
train747,Case
train748,Case
train749,Case
train750,Case
train751,Case
train752,Case
train753,Case
train754,Case
train755,Case
train756,Case
train757,Case
train758,Case
train759,Case
train760,Case
train761,Case
train762,Case
train763,Case
train764,Case
train765,Case
train766,Case
train767,Case
train768,Case
train769,Case
train770,Case
train771,Case
train772,Case
train773,Case
train774,Case
train775,Case
train776,Case
train777,Case
train778,Case
train779,Case
train780,Case
train781,Case
train782,Case
train783,Case
train784,Case
train785,Case
train786,Case
train787,Case
train788,Case
train789,Case
train790,Case
train791,Case
train792,Case
train793,Case
train794,Case
train795,Case
train796,Case
train797,Case
train798,Case
train799,Case
train800,Case
train801,Case
train802,Case
train803,Case
train804,Case
train805,Case
train806,Case
train807,Case
train808,Case
train809,Case
train810,Case
train811,Case
train812,Case
train813,Case
train814,Case
train815,Case
train816,Case
train817,Case
train818,Case
train819,Case
train820,Case
train821,Case
train822,Case
train823,Case
train824,Case
train825,Case
train826,Case
train827,Case
train828,Case
train829,Case
train830,Case
train831,Case
train832,Case
train833,Case
train834,Case
train835,Case
train836,Case
train837,Case
train838,Case
train839,Case
train840,Case
train841,Case
train842,Case
train843,Case
train844,Case
train845,Case
train846,Case
train847,Case
train848,Case
train849,Case
train850,Case
train851,Case
train852,Case
train853,Case
train854,Case
train855,Case
train856,Case
train857,Case
train858,Case
train859,Case
train860,Case
train861,Case
train862,Case
train863,Case
train864,Case
train865,Case
train866,Case
train867,Case
train868,Case
train869,Case
train870,Case
train871,Case
train872,Case
train873,Case
train874,Case
train875,Case
train876,Case
train877,Case
train878,Case
train879,Case
train880,Case
train881,Case
train882,Case
train883,Case
train884,Case
train885,Case
train886,Case
train887,Case
train888,Case
train889,Case
train890,Case
train891,Case
train892,Case
train893,Case
train894,Case
train895,Case
train896,Case
train897,Case
train898,Case
train899,Case
train900,Case
train901,Case
train902,Case
train903,Case
train904,Case
train905,Case
train906,Case
train907,Case
train908,Case
train909,Case
train910,Case
train911,Case
train912,Case
train913,Case
train914,Case
train915,Case
train916,Case
train917,Case
train918,Case
train919,Case
train920,Case
train921,Case
train922,Case
train923,Case
train924,Case
train925,Case
train926,Case
train927,Case
train928,Case
train929,Case
train930,Case
train931,Case
train932,Case
train933,Case
train934,Case
train935,Case
train936,Case
train937,Case
train938,Case
train939,Case
train940,Case
train941,Case
train942,Case
train943,Case
train944,Case
train945,Case
train946,Case
train947,Case
train948,Case
train949,Case
train950,Case
train951,Case
train952,Case
train953,Case
train954,Case
train955,Case
train956,Case
train957,Case
train958,Case
train959,Case
train960,Case
train961,Case
train962,Case
train963,Case
train964,Case
train965,Case
train966,Case
train967,Case
train968,Case
train969,Case
train970,Case
train971,Case
train972,Case
train973,Case
train974,Case
train975,Case
train976,Case
train977,Case
train978,Case
train979,Case
train980,Case
train981,Case
train982,Case
train983,Case
train984,Case
train985,Case
train986,Case
train987,Case
train988,Case
train989,Case
train990,Case
train991,Case
train992,Case
train993,Case
train994,Case
train995,Case
train996,Case
train997,Case
train998,Case
train999,Case
train1000,Case
train1001,Case
train1002,Case
train1003,Case
train1004,Case
train1005,Case
train1006,Case
train1007,Case
train1008,Case
train1009,Case
train1010,Case
train1011,Case
train1012,Case
train1013,Case
train1014,Case
train1015,Case
train1016,Case
train1017,Case
train1018,Case
train1019,Case
train1020,Case
train1021,Case
train1022,Case
train1023,Case
train1024,Case
train1025,Case
train1026,Case
train1027,Case
train1028,Case
train1029,Case
train1030,Case
train1031,Case
train1032,Case
train1033,Case
train1034,Case
train1035,Case
train1036,Case
train1037,Case
train1038,Case
train1039,Case
train1040,Case
train1041,Case
train1042,Case
train1043,Case
train1044,Case
train1045,Case
train1046,Case
train1047,Case
train1048,Case
train1049,Case
train1050,Case
train1051,Case
train1052,Case
train1053,Case
train1054,Case
train1055,Case
train1056,Case
train1057,Case
train1058,Case
train1059,Case
train1060,Case
train1061,Case
train1062,Case
train1063,Case
train1064,Case
train1065,Case
train1066,Case
train1067,Case
train1068,Case
train1069,Case
train1070,Case
train1071,Case
train1072,Case
train1073,Case
train1074,Case
train1075,Case
train1076,Case
train1077,Case
train1078,Case
train1079,Case
train1080,Case
train1081,Case
train1082,Case
train1083,Case
train1084,Case
train1085,Case
train1086,Case
train1087,Case
train1088,Case
train1089,Case
train1090,Case
